name,bus0,bus1,x,s_nom,s_nom_extendable,capital_cost
0,0,1,0.417022004702574,0.0,True,0.14406489868843161
1,1,2,0.00011437481734488664,0.0,True,0.060466514526367955
2,2,0,0.14675589081711304,200.0,False,0.018467718953759562
3,3,4,0.1862602113776709,0.0,True,0.06911214540860955
4,4,5,0.39676747423066994,0.0,True,0.1077633468006714
5,5,3,0.4191945144032948,0.0,True,0.1370439000793519
